-- MySQL dump 10.13  Distrib 8.0.39, for Linux (x86_64)
--
-- Host: localhost    Database: ahy_transportation
-- ------------------------------------------------------
-- Server version	8.0.39-0ubuntu0.24.04.1

/*!40101 SET @OLD_CHARACTER_SET_CLIENT=@@CHARACTER_SET_CLIENT */;
/*!40101 SET @OLD_CHARACTER_SET_RESULTS=@@CHARACTER_SET_RESULTS */;
/*!40101 SET @OLD_COLLATION_CONNECTION=@@COLLATION_CONNECTION */;
/*!50503 SET NAMES utf8mb4 */;
/*!40103 SET @OLD_TIME_ZONE=@@TIME_ZONE */;
/*!40103 SET TIME_ZONE='+00:00' */;
/*!40014 SET @OLD_UNIQUE_CHECKS=@@UNIQUE_CHECKS, UNIQUE_CHECKS=0 */;
/*!40014 SET @OLD_FOREIGN_KEY_CHECKS=@@FOREIGN_KEY_CHECKS, FOREIGN_KEY_CHECKS=0 */;
/*!40101 SET @OLD_SQL_MODE=@@SQL_MODE, SQL_MODE='NO_AUTO_VALUE_ON_ZERO' */;
/*!40111 SET @OLD_SQL_NOTES=@@SQL_NOTES, SQL_NOTES=0 */;

--
-- Table structure for table `client_revenues`
--

DROP TABLE IF EXISTS `client_revenues`;
/*!40101 SET @saved_cs_client     = @@character_set_client */;
/*!50503 SET character_set_client = utf8mb4 */;
CREATE TABLE `client_revenues` (
  `id` bigint unsigned NOT NULL AUTO_INCREMENT,
  `client_id` bigint unsigned NOT NULL,
  `date` date NOT NULL,
  `amount` decimal(10,2) NOT NULL,
  `details` varchar(255) COLLATE utf8mb4_unicode_ci DEFAULT NULL,
  `created_at` timestamp NULL DEFAULT NULL,
  `updated_at` timestamp NULL DEFAULT NULL,
  PRIMARY KEY (`id`),
  KEY `client_revenues_client_id_foreign` (`client_id`),
  CONSTRAINT `client_revenues_client_id_foreign` FOREIGN KEY (`client_id`) REFERENCES `clients` (`id`) ON DELETE CASCADE
) ENGINE=InnoDB DEFAULT CHARSET=utf8mb4 COLLATE=utf8mb4_unicode_ci;
/*!40101 SET character_set_client = @saved_cs_client */;

--
-- Dumping data for table `client_revenues`
--

LOCK TABLES `client_revenues` WRITE;
/*!40000 ALTER TABLE `client_revenues` DISABLE KEYS */;
/*!40000 ALTER TABLE `client_revenues` ENABLE KEYS */;
UNLOCK TABLES;

--
-- Table structure for table `clients`
--

DROP TABLE IF EXISTS `clients`;
/*!40101 SET @saved_cs_client     = @@character_set_client */;
/*!50503 SET character_set_client = utf8mb4 */;
CREATE TABLE `clients` (
  `id` bigint unsigned NOT NULL AUTO_INCREMENT,
  `name` varchar(255) COLLATE utf8mb4_unicode_ci NOT NULL,
  `phone` varchar(255) COLLATE utf8mb4_unicode_ci NOT NULL,
  `email` varchar(255) COLLATE utf8mb4_unicode_ci DEFAULT NULL,
  `address` varchar(255) COLLATE utf8mb4_unicode_ci DEFAULT NULL,
  `type` enum('individual','company') COLLATE utf8mb4_unicode_ci NOT NULL,
  `company_name` varchar(255) COLLATE utf8mb4_unicode_ci DEFAULT NULL,
  `total_received` decimal(10,2) DEFAULT '0.00',
  `total_spent` decimal(10,2) DEFAULT '0.00',
  `created_at` timestamp NULL DEFAULT NULL,
  `updated_at` timestamp NULL DEFAULT NULL,
  PRIMARY KEY (`id`)
) ENGINE=InnoDB AUTO_INCREMENT=32 DEFAULT CHARSET=utf8mb4 COLLATE=utf8mb4_unicode_ci;
/*!40101 SET character_set_client = @saved_cs_client */;

--
-- Dumping data for table `clients`
--

LOCK TABLES `clients` WRITE;
/*!40000 ALTER TABLE `clients` DISABLE KEYS */;
INSERT INTO `clients` VALUES (4,'دكتور مدثر عبد الغنى','01030685054',NULL,NULL,'individual',NULL,0.00,0.00,'2024-07-16 08:56:56','2024-07-16 08:56:56'),(5,'شركه الصفوه للمواد الغذائيه','01273488977',NULL,NULL,'company',NULL,0.00,0.00,'2024-07-16 09:28:12','2024-07-16 09:28:12'),(6,'احمد الشناوانى','01020989043',NULL,NULL,'company',NULL,0.00,0.00,'2024-07-16 10:31:22','2024-07-16 10:31:22'),(7,'محمد زبون السودان','01150630398',NULL,NULL,'individual',NULL,0.00,0.00,'2024-07-16 10:33:37','2024-07-16 10:33:37'),(8,'م هشام المصريه للتوريدات','01000184760',NULL,NULL,'company',NULL,0.00,0.00,'2024-07-16 10:37:13','2024-07-16 10:37:13'),(9,'امين احمد ابراهيم السودانى','0116339070',NULL,NULL,'individual',NULL,0.00,0.00,'2024-07-16 10:38:49','2024-07-16 10:38:49'),(10,'طارق','01142265550',NULL,NULL,'individual',NULL,0.00,0.00,'2024-07-16 10:40:35','2024-07-16 10:40:35'),(11,'احمد فوزى محمد','01201007862',NULL,NULL,'individual',NULL,0.00,0.00,'2024-07-16 10:41:31','2024-07-16 10:41:31'),(12,'عبد الفتاح السودانى','01001655546',NULL,NULL,'individual',NULL,0.00,0.00,'2024-07-16 10:51:46','2024-07-16 10:51:46'),(13,'عصام فضل المولى','00229123002113',NULL,NULL,'individual',NULL,0.00,0.00,'2024-07-16 10:55:11','2024-07-16 10:55:11'),(14,'سعيد','01102857563',NULL,NULL,'individual',NULL,0.00,0.00,'2024-07-16 10:56:24','2024-07-16 10:56:24'),(15,'نقلات خارجيه','01030685054',NULL,NULL,'individual',NULL,0.00,0.00,'2024-07-18 12:14:31','2024-07-18 12:14:31'),(28,'محمد الاسوانى زبون السودان','01070704232',NULL,NULL,'individual',NULL,0.00,0.00,'2024-07-26 19:10:24','2024-07-26 19:10:24'),(31,'شركه M IG','01019494632',NULL,NULL,'company',NULL,0.00,0.00,'2024-08-11 18:05:21','2024-08-11 18:05:21');
/*!40000 ALTER TABLE `clients` ENABLE KEYS */;
UNLOCK TABLES;

--
-- Table structure for table `company_transactions`
--

DROP TABLE IF EXISTS `company_transactions`;
/*!40101 SET @saved_cs_client     = @@character_set_client */;
/*!50503 SET character_set_client = utf8mb4 */;
CREATE TABLE `company_transactions` (
  `id` bigint unsigned NOT NULL AUTO_INCREMENT,
  `client_id` bigint unsigned DEFAULT NULL,
  `date` date NOT NULL,
  `total_received` decimal(8,2) DEFAULT NULL,
  `price_per_ton` decimal(10,2) NOT NULL,
  `price_per_ton_car` decimal(10,2) NOT NULL,
  `tonnage` int NOT NULL,
  `overnight_stay` decimal(10,2) DEFAULT '0.00',
  `location_from` varchar(255) COLLATE utf8mb4_unicode_ci NOT NULL,
  `location_to` varchar(255) COLLATE utf8mb4_unicode_ci NOT NULL,
  `total` decimal(10,2) NOT NULL,
  `commission` decimal(10,2) DEFAULT '0.00',
  `weight` decimal(8,2) DEFAULT '0.00',
  `detention` decimal(8,2) DEFAULT '0.00',
  `loading` decimal(8,2) DEFAULT '0.00',
  `transfer` decimal(8,2) DEFAULT '0.00',
  `vehicle_id` bigint unsigned DEFAULT NULL,
  `driver_id` bigint unsigned DEFAULT NULL,
  `created_at` timestamp NULL DEFAULT NULL,
  `updated_at` timestamp NULL DEFAULT NULL,
  `cargo_type` varchar(255) COLLATE utf8mb4_unicode_ci DEFAULT NULL,
  `loader_id` bigint unsigned DEFAULT NULL,
  `totalCar` decimal(10,2) DEFAULT '0.00',
  `vehicle_allowance` decimal(10,2) DEFAULT '0.00',
  PRIMARY KEY (`id`),
  KEY `company_transactions_client_id_foreign` (`client_id`),
  KEY `company_transactions_vehicle_id_foreign` (`vehicle_id`),
  KEY `company_transactions_driver_id_foreign` (`driver_id`),
  KEY `company_transactions_loader_id_foreign` (`loader_id`),
  CONSTRAINT `company_transactions_client_id_foreign` FOREIGN KEY (`client_id`) REFERENCES `clients` (`id`) ON DELETE SET NULL,
  CONSTRAINT `company_transactions_driver_id_foreign` FOREIGN KEY (`driver_id`) REFERENCES `employees` (`id`) ON DELETE SET NULL,
  CONSTRAINT `company_transactions_loader_id_foreign` FOREIGN KEY (`loader_id`) REFERENCES `employees` (`id`) ON DELETE SET NULL,
  CONSTRAINT `company_transactions_vehicle_id_foreign` FOREIGN KEY (`vehicle_id`) REFERENCES `vehicles` (`id`) ON DELETE SET NULL
) ENGINE=InnoDB AUTO_INCREMENT=71 DEFAULT CHARSET=utf8mb4 COLLATE=utf8mb4_unicode_ci;
/*!40101 SET character_set_client = @saved_cs_client */;

--
-- Dumping data for table `company_transactions`
--

LOCK TABLES `company_transactions` WRITE;
/*!40000 ALTER TABLE `company_transactions` DISABLE KEYS */;
INSERT INTO `company_transactions` VALUES (2,5,'2024-06-25',17500.00,350.00,300.00,50,NULL,'الصالحيه','العامريه',17500.00,2500.00,NULL,NULL,NULL,NULL,NULL,5,'2024-07-16 09:37:19','2024-07-16 09:37:19',NULL,NULL,0.00,0.00),(3,5,'2024-06-26',16450.00,350.00,300.00,47,NULL,'الصالحيه','برج العرب والعامريه',16450.00,2350.00,NULL,NULL,NULL,NULL,NULL,5,'2024-07-16 09:40:41','2024-07-16 09:40:41',NULL,NULL,0.00,0.00),(4,5,'2024-07-09',17500.00,350.00,200.00,50,NULL,'الصالحيه','السادات',17500.00,7500.00,400.00,NULL,1600.00,NULL,NULL,NULL,'2024-07-16 09:43:12','2024-07-16 09:43:12',NULL,NULL,0.00,0.00),(5,5,'2024-07-09',17500.00,350.00,200.00,50,NULL,'الصالحيه','السادات',17500.00,7500.00,400.00,NULL,1600.00,NULL,NULL,6,'2024-07-16 10:13:12','2024-07-16 10:13:12',NULL,NULL,0.00,0.00),(16,8,'2024-07-11',0.00,5800.00,4300.00,0,NULL,'الصالحيه','رشيد',0.00,0.00,NULL,NULL,NULL,NULL,NULL,21,'2024-07-18 12:26:03','2024-07-18 12:26:03','8 طن سكر',8,0.00,0.00),(17,8,'2024-07-13',0.00,400.00,300.00,60,0.00,'الصالحيه','رشيد',24000.00,6000.00,NULL,NULL,NULL,NULL,NULL,22,'2024-07-18 12:28:35','2024-07-18 12:28:35','60 طن سكر',NULL,18000.00,0.00),(18,8,'2024-07-15',0.00,400.00,300.00,60,NULL,'الصالحيه','رشيد',24000.00,6000.00,NULL,NULL,NULL,NULL,3,13,'2024-07-18 12:29:49','2024-07-18 12:29:49','60 طن سكر',8,18000.00,0.00),(19,5,'2024-07-10',17500.00,350.00,300.00,50,NULL,'الصالحيه','البدرشين',17500.00,2500.00,NULL,NULL,NULL,NULL,NULL,14,'2024-07-18 12:33:19','2024-07-18 12:33:19','50 طن سكر',9,15000.00,0.00),(20,5,'2024-07-13',17500.00,350.00,220.00,50,NULL,'الصالحيه','اكتوبر',17500.00,6500.00,400.00,NULL,1600.00,NULL,NULL,6,'2024-07-18 12:35:00','2024-07-18 12:35:00','50 طن سكر',8,11000.00,0.00),(21,6,'2024-06-25',10000.00,10000.00,9500.00,0,0.00,'بلبيس','السادات',0.00,0.00,500.00,0.00,0.00,2500.00,NULL,24,'2024-07-18 12:39:49','2024-07-18 12:41:02','براد سمنه',8,0.00,0.00),(22,6,'2024-07-02',9000.00,9000.00,7000.00,0,NULL,'بلبيس','اكتوبر',0.00,0.00,435.00,NULL,NULL,NULL,NULL,11,'2024-07-18 12:43:29','2024-07-18 12:43:29','براد سمنه',8,0.00,0.00),(23,6,'2024-07-03',10000.00,10000.00,8000.00,0,NULL,'بلبيس','السادات',0.00,0.00,435.00,600.00,NULL,NULL,NULL,11,'2024-07-18 12:47:31','2024-07-18 12:47:31','براد سمنه',7,0.00,0.00),(24,6,'2024-07-06',9000.00,9000.00,7000.00,0,3500.00,'بلبيس','اكتوبر',0.00,0.00,435.00,0.00,NULL,NULL,NULL,11,'2024-07-18 12:49:17','2024-07-18 12:49:17','براد سمنه',7,0.00,0.00),(25,6,'2024-07-08',10000.00,10000.00,8000.00,0,NULL,'بلبيس','السادات',0.00,0.00,400.00,600.00,NULL,NULL,NULL,11,'2024-07-18 12:51:05','2024-07-18 12:51:05','براد سمنه',4,0.00,0.00),(26,6,'2024-07-14',0.00,9000.00,7000.00,0,3500.00,'بلبيس','اكتوبر',0.00,0.00,NULL,NULL,NULL,NULL,NULL,11,'2024-07-18 12:52:52','2024-07-18 12:52:52','براد سمنه',4,0.00,0.00),(27,6,'2024-07-18',0.00,10000.00,8000.00,0,0.00,'بلبيس','السادات',0.00,0.00,NULL,600.00,0.00,0.00,NULL,25,'2024-07-18 17:42:31','2024-07-24 11:48:06','براد سمنه',8,0.00,0.00),(28,8,'2024-07-18',0.00,250.00,200.00,50,0.00,'حوش عيسى','القاهره',12500.00,2500.00,NULL,3500.00,0.00,0.00,NULL,13,'2024-07-18 17:45:09','2024-07-20 09:55:41','٥٠ طن فول',7,10000.00,0.00),(29,5,'2024-07-21',0.00,350.00,260.00,60,NULL,'الصالحيه','السادات',21000.00,5400.00,NULL,NULL,NULL,NULL,NULL,22,'2024-07-21 09:12:30','2024-07-21 09:12:30','60 طن سكر',9,15600.00,0.00),(30,5,'2024-07-21',0.00,350.00,260.00,60,NULL,'الصالحيه','السادات',21000.00,5400.00,NULL,NULL,NULL,NULL,NULL,22,'2024-07-21 09:13:53','2024-07-21 09:13:53','سكر',9,15600.00,0.00),(31,6,'2024-07-23',10000.00,10000.00,8000.00,1,3500.00,'بلبيس','السادات',10000.00,2000.00,NULL,600.00,0.00,0.00,NULL,11,'2024-07-21 09:19:37','2024-07-31 23:44:27','براد سمنه',9,8000.00,0.00),(32,5,'2024-07-21',0.00,350.00,260.00,60,NULL,'الصالحيه','السادات',21000.00,5400.00,NULL,NULL,NULL,NULL,NULL,22,'2024-07-21 20:51:25','2024-07-21 20:51:25','60 طن سكر',9,15600.00,0.00),(33,5,'2024-06-23',0.00,350.00,260.00,60,NULL,'الصالحيه','الساادات',21000.00,5400.00,NULL,NULL,NULL,NULL,NULL,22,'2024-07-24 09:59:21','2024-07-24 09:59:21','60 طن سكر',8,15600.00,0.00),(34,5,'2024-06-23',0.00,350.00,260.00,60,NULL,'الصالحيه','السادات',21000.00,5400.00,NULL,NULL,NULL,NULL,4,5,'2024-07-24 10:00:46','2024-07-24 10:00:46','60 طن سكر',9,15600.00,0.00),(35,6,'2024-06-23',0.00,12500.00,11000.00,0,3500.00,'بلبيس','اكتوبر',0.00,0.00,NULL,NULL,NULL,NULL,NULL,25,'2024-07-24 10:12:00','2024-07-24 10:12:00','براد سمنه',NULL,0.00,0.00),(36,6,'2024-06-23',0.00,10000.00,10000.00,0,3500.00,'بلبيس','السادات',0.00,0.00,NULL,600.00,NULL,NULL,NULL,11,'2024-07-24 10:16:42','2024-07-24 10:16:42','براد سمنه',NULL,0.00,0.00),(37,6,'2024-07-23',0.00,9000.00,9000.00,0,3500.00,'بلبيس','اكتوبر',0.00,0.00,NULL,NULL,NULL,NULL,NULL,25,'2024-07-24 11:03:37','2024-07-24 11:03:37','براد سمنه',NULL,0.00,0.00),(38,5,'2024-07-23',0.00,350.00,260.00,60,NULL,'الصالحيه','السادات',21000.00,5400.00,NULL,NULL,NULL,NULL,NULL,22,'2024-07-24 12:07:56','2024-07-24 12:07:56','60 طن سكر',NULL,15600.00,0.00),(39,5,'2024-07-23',0.00,350.00,260.00,60,0.00,'الصالحيه','السادات',21000.00,5400.00,NULL,0.00,0.00,0.00,NULL,5,'2024-07-24 12:08:48','2024-07-25 07:37:05','60 طن سكر',NULL,15600.00,4500.00),(40,5,'2024-07-23',21000.00,350.00,260.00,60,0.00,'الصالحيه','السادات',21000.00,5400.00,NULL,0.00,0.00,0.00,NULL,22,'2024-07-24 12:10:10','2024-08-05 01:26:38','60 طن سكر',NULL,15600.00,0.00),(42,5,'2024-07-28',22800.00,380.00,280.00,60,0.00,'الصالحيه','السادات',22800.00,6000.00,NULL,0.00,0.00,0.00,NULL,5,'2024-07-28 06:04:34','2024-08-20 03:19:39','سكر',7,16800.00,0.00),(43,6,'2024-07-28',11000.00,11000.00,9000.00,1,0.00,'بلبيس','السادات',11000.00,2000.00,500.00,600.00,0.00,0.00,NULL,11,'2024-07-31 23:39:06','2024-08-06 18:29:01','براد سمنه',7,9000.00,NULL),(44,6,'2024-07-28',11000.00,11000.00,9000.00,1,0.00,'بلبيس','السادات',11000.00,2000.00,500.00,600.00,0.00,0.00,NULL,11,'2024-07-31 23:41:08','2024-08-20 03:19:10','براد سمنه',7,9000.00,0.00),(45,6,'2024-07-30',11000.00,11000.00,9000.00,1,0.00,'بلبيس','السادات',11000.00,2000.00,500.00,800.00,0.00,0.00,NULL,11,'2024-07-31 23:42:19','2024-08-06 18:28:31','براد سمنه',7,9000.00,0.00),(46,6,'2024-07-30',11000.00,11000.00,9000.00,1,0.00,'بلبيس','السادات',11000.00,2000.00,500.00,600.00,0.00,0.00,NULL,11,'2024-07-31 23:43:21','2024-08-06 18:27:52','براد سمنه',7,9000.00,0.00),(47,6,'2024-08-01',11000.00,11000.00,9000.00,1,0.00,'بلبيس','السادات',11000.00,2000.00,500.00,800.00,0.00,0.00,NULL,11,'2024-08-02 13:03:49','2024-08-06 18:25:07','براد سمنه',NULL,9000.00,0.00),(48,5,'2024-08-01',19000.00,380.00,260.00,50,0.00,'الصالحيه','البدرشين',19000.00,6000.00,NULL,0.00,0.00,0.00,NULL,22,'2024-08-02 13:05:43','2024-08-06 18:26:24','سكر',NULL,13000.00,0.00),(49,5,'2024-08-01',22800.00,380.00,280.00,60,0.00,'الصالحيه','السادات',22800.00,6000.00,NULL,0.00,0.00,0.00,NULL,5,'2024-08-02 13:06:49','2024-08-06 18:25:31','60 طن سكر',NULL,16800.00,NULL),(50,5,'2024-08-03',22800.00,380.00,280.00,60,0.00,'الصالحيه','السادات',22800.00,6000.00,NULL,0.00,0.00,0.00,NULL,5,'2024-08-03 19:24:23','2024-08-06 18:46:27','60 طن سكر',NULL,16800.00,0.00),(51,5,'2024-08-03',19000.00,380.00,260.00,50,0.00,'الصالحيه','مونجينا',19000.00,6000.00,NULL,0.00,0.00,0.00,NULL,22,'2024-08-03 19:25:33','2024-08-06 18:24:39','50 طن سكر',NULL,13000.00,0.00),(52,6,'2024-08-05',11000.00,11000.00,9000.00,1,0.00,'بلبيس','السادات',11000.00,2000.00,500.00,800.00,0.00,0.00,NULL,11,'2024-08-05 18:17:59','2024-08-06 18:22:48','براد سمنه',NULL,9000.00,0.00),(53,5,'2024-08-08',19000.00,380.00,260.00,50,0.00,'الصالحيه','البدرشين',19000.00,6000.00,NULL,0.00,0.00,0.00,NULL,22,'2024-08-08 21:38:51','2024-08-20 03:18:28','50 طن سكر السواق احمد',NULL,13000.00,0.00),(55,5,'2024-08-11',22800.00,380.00,280.00,60,0.00,'الصالحيه','السادات',22800.00,6000.00,NULL,0.00,0.00,0.00,NULL,22,'2024-08-11 18:04:38','2024-08-20 03:18:06','60 طن سكر السواق سامح',NULL,16800.00,NULL),(56,31,'2024-08-10',18000.00,18000.00,14000.00,1,0.00,'البدارى','فييكو',18000.00,4000.00,NULL,0.00,0.00,0.00,NULL,27,'2024-08-11 18:17:57','2024-08-14 15:25:53','40طن سكر',8,14000.00,7000.00),(58,5,'2024-08-13',22800.00,380.00,280.00,60,0.00,'الصالحيه','السادات',22800.00,6000.00,NULL,0.00,0.00,0.00,NULL,22,'2024-08-13 13:06:51','2024-08-20 03:16:40','60 طن سكر السواق السيد أبو الفتوح',7,16800.00,0.00),(59,5,'2024-08-14',22800.00,380.00,300.00,60,0.00,'الصالحيه','التركيه',22800.00,4800.00,0.00,0.00,0.00,0.00,NULL,NULL,'2024-08-13 21:53:13','2024-08-20 03:13:45','60 طن سكر محمد نافع',8,18000.00,NULL),(60,6,'2024-08-14',14000.00,14000.00,12000.00,1,0.00,'بلبيس','اسيوط',14000.00,2000.00,0.00,0.00,0.00,0.00,NULL,22,'2024-08-14 15:23:09','2024-08-20 03:14:35','سمنه محمد نافع',9,12000.00,5000.00),(61,5,'2024-08-14',22800.00,380.00,300.00,60,0.00,'الصالحيه','السوريه',22800.00,4800.00,NULL,0.00,0.00,0.00,NULL,22,'2024-08-15 09:56:27','2024-08-20 03:15:37','60 طن سكر احمد',NULL,18000.00,0.00),(62,5,'2024-08-18',22800.00,280.00,380.00,60,0.00,'الصالحيه','السادات',16800.00,-6000.00,NULL,0.00,0.00,0.00,NULL,22,'2024-08-19 20:07:07','2024-08-29 08:25:52','كريم تبع كامل لم تصرف',NULL,22800.00,NULL),(63,5,'2024-08-18',22800.00,380.00,280.00,60,0.00,'الصالحيه','السادات',22800.00,6000.00,NULL,0.00,0.00,0.00,NULL,5,'2024-08-20 03:17:37','2024-08-29 08:26:13','60 طن سكر سيد',NULL,16800.00,0.00),(64,6,'2024-08-18',11000.00,11000.00,9000.00,1,0.00,'الصالحيه','السادات',11000.00,2000.00,535.00,600.00,0.00,0.00,NULL,11,'2024-08-20 03:24:32','2024-08-29 08:26:39','براد سمنه',NULL,9000.00,0.00),(65,5,'2024-08-22',22800.00,380.00,280.00,60,0.00,'الصالحيه','سنيوريتا',22800.00,6000.00,NULL,0.00,0.00,0.00,NULL,5,'2024-08-24 13:20:12','2024-08-29 08:26:59','60 طن سكر سيد عربيتنا',NULL,16800.00,0.00),(66,5,'2024-08-24',22800.00,380.00,280.00,60,0.00,'الصالحيه','السادات',22800.00,6000.00,NULL,0.00,0.00,0.00,NULL,10,'2024-08-24 13:21:03','2024-08-29 08:27:29','60 طن سكر',NULL,16800.00,NULL),(67,5,'2024-08-24',22800.00,380.00,280.00,60,0.00,'الصالحيه','السادات',22800.00,6000.00,NULL,0.00,0.00,0.00,NULL,5,'2024-08-25 15:17:42','2024-08-29 08:27:44','60 طن سكر سيد',NULL,16800.00,NULL),(68,5,'2024-08-22',22800.00,380.00,280.00,60,0.00,'الصالحيه','السادات',22800.00,6000.00,NULL,0.00,0.00,0.00,NULL,10,'2024-08-25 15:19:22','2024-08-29 08:27:16','60 طن سكر سيد عنرو',NULL,16800.00,NULL),(69,5,'2024-08-25',22800.00,380.00,280.00,60,NULL,'الصالحيه','السادات',22800.00,6000.00,NULL,NULL,NULL,NULL,NULL,5,'2024-08-29 08:28:25','2024-08-29 08:28:25','60 طن سكر',NULL,16800.00,0.00),(70,5,'2024-08-25',22800.00,380.00,280.00,60,NULL,'الصالحيه','السادات',22800.00,6000.00,NULL,NULL,NULL,NULL,NULL,10,'2024-08-29 08:28:59','2024-08-29 08:28:59','60 طن سكر',NULL,16800.00,NULL);
/*!40000 ALTER TABLE `company_transactions` ENABLE KEYS */;
UNLOCK TABLES;

--
-- Table structure for table `daily_expenses`
--

DROP TABLE IF EXISTS `daily_expenses`;
/*!40101 SET @saved_cs_client     = @@character_set_client */;
/*!50503 SET character_set_client = utf8mb4 */;
CREATE TABLE `daily_expenses` (
  `id` bigint unsigned NOT NULL AUTO_INCREMENT,
  `date` date NOT NULL,
  `description` varchar(255) COLLATE utf8mb4_unicode_ci DEFAULT NULL,
  `amount` decimal(10,2) NOT NULL,
  `category` varchar(255) COLLATE utf8mb4_unicode_ci NOT NULL,
  `created_at` timestamp NULL DEFAULT NULL,
  `updated_at` timestamp NULL DEFAULT NULL,
  PRIMARY KEY (`id`)
) ENGINE=InnoDB AUTO_INCREMENT=92 DEFAULT CHARSET=utf8mb4 COLLATE=utf8mb4_unicode_ci;
/*!40101 SET character_set_client = @saved_cs_client */;

--
-- Dumping data for table `daily_expenses`
--

LOCK TABLES `daily_expenses` WRITE;
/*!40000 ALTER TABLE `daily_expenses` DISABLE KEYS */;
INSERT INTO `daily_expenses` VALUES (1,'2024-07-16','كيس سكر',35.00,'نثريات','2024-07-16 08:40:10','2024-07-16 08:40:10'),(2,'2024-07-01','ايجار مكتب',1600.00,'أخرى','2024-07-16 11:19:46','2024-07-16 11:19:46'),(3,'2024-07-01','كيس سكر',35.00,'نثريات','2024-07-16 11:20:39','2024-07-16 11:20:39'),(4,'2024-07-01','طلبات بوفيه بن',75.00,'نثريات','2024-07-16 11:21:23','2024-07-16 11:21:23'),(5,'2024-07-10','كابل للطابعه',50.00,'نثريات','2024-07-16 11:22:00','2024-07-16 11:22:00'),(6,'2024-07-01','تفويل موتوسيكل',50.00,'نثريات','2024-07-16 11:22:39','2024-07-16 11:22:39'),(7,'2024-07-14','مصاريف يحيى للعميل السودانى',400.00,'مصاريف يومية','2024-07-16 11:28:24','2024-07-16 11:28:24'),(8,'2024-07-13','غيار زيت',300.00,'نثريات','2024-07-16 11:29:39','2024-07-16 11:29:39'),(9,'2024-07-10','مصاريف كرسى',60.00,'نثريات','2024-07-16 11:30:37','2024-07-16 11:30:37'),(10,'2024-07-16','كيس سكر',35.00,'نثريات','2024-07-16 11:31:13','2024-07-16 11:31:13'),(11,'2024-07-16','شاى',35.00,'نثريات','2024-07-16 11:31:59','2024-07-16 11:31:59'),(12,'2024-07-01','كارت سواق ياسر',30.00,'نثريات','2024-07-16 11:32:46','2024-07-16 11:32:46'),(13,'2024-07-14','تفويل موتوسيكل',100.00,'نثريات','2024-07-16 13:24:51','2024-07-16 13:24:51'),(14,'2024-07-14','ايجار مكتب',3800.00,'نثريات','2024-07-16 13:25:32','2024-07-16 13:25:32'),(15,'2024-07-12','تصليح خزينه',300.00,'نثريات','2024-07-16 13:26:11','2024-07-16 13:26:11'),(16,'2024-07-10','غاز',40.00,'نثريات','2024-07-16 13:26:48','2024-07-16 13:26:48'),(17,'2024-07-08','ياسر تاكسى',1250.00,'نثريات','2024-07-16 13:27:47','2024-07-16 13:27:47'),(18,'2024-07-09','غدا السودانى',900.00,'نثريات','2024-07-16 13:28:24','2024-07-16 13:28:24'),(19,'2024-07-09','شاى وقهوه السودانى',200.00,'نثريات','2024-07-16 13:29:06','2024-07-16 13:29:06'),(20,'2024-07-09','سجاير السودانى',100.00,'نثريات','2024-07-16 13:29:51','2024-07-16 13:29:51'),(21,'2024-07-10','منظفات مكتب',50.00,'نثريات','2024-07-16 13:30:29','2024-07-16 13:30:29'),(22,'2024-07-12','عموله يسرى',2000.00,'نثريات','2024-07-16 13:31:09','2024-07-16 13:31:09'),(23,'2024-07-10','مصاريف يحيى الصفوه',300.00,'نثريات','2024-07-16 13:35:08','2024-07-16 13:35:08'),(24,'2024-07-14','مصاريف بيبو عابدين',400.00,'نثريات','2024-07-16 13:36:03','2024-07-16 13:36:03'),(25,'2024-07-14','كريم ضرايب',1400.00,'نثريات','2024-07-16 13:36:39','2024-07-16 13:36:39'),(26,'2024-07-14','مروحه سقف',1500.00,'نثريات','2024-07-16 13:37:19','2024-07-16 13:37:19'),(27,'2024-07-16','مصاريف نور',1005.00,'نثريات','2024-07-16 13:38:06','2024-07-16 13:38:06'),(28,'2024-07-07','تفويل موتوسيكل',100.00,'نثريات','2024-07-16 13:38:51','2024-07-16 13:38:51'),(29,'2024-07-12','تفويل موتوسيكل',100.00,'نثريات','2024-07-16 13:39:23','2024-07-16 13:39:23'),(30,'2024-07-16','مصاريف الوش الفردانى حدربا',790.00,'نثريات','2024-07-16 13:47:17','2024-07-16 13:47:17'),(31,'2024-07-15','رامى كارت شحن',100.00,'نثريات','2024-07-18 13:11:34','2024-07-18 13:11:34'),(32,'2024-07-18','مصاريف رامى شارع شهاب',135.00,'مصاريف يومية','2024-07-18 14:16:21','2024-07-18 14:16:21'),(33,'2024-07-18','يارا عهده عمرو من حسابها الشخصى',4800.00,'نثريات','2024-07-18 14:47:40','2024-07-18 14:47:40'),(34,'2024-07-18','حساب ابو منه نت +قلوب حنفيه',400.00,'نثريات','2024-07-18 15:37:45','2024-07-18 15:37:45'),(35,'2024-07-19','يوسف ابو خنجر',100.00,'مصاريف يومية','2024-07-19 19:28:54','2024-07-19 19:28:54'),(36,'2024-07-20','عهده جمال فكرى نقله الفول بيبو سعد فودافون كاش',6000.00,'أخرى','2024-07-19 22:38:20','2024-07-19 22:38:20'),(37,'2024-07-20','عهده حساب حسن أبو الروس بيبو فوزى',8000.00,'مصاريف يومية','2024-07-20 12:01:31','2024-07-20 12:01:31'),(38,'2024-07-20','حساب كهرباء رامى',525.00,'مصاريف يومية','2024-07-20 15:27:58','2024-07-20 15:27:58'),(39,'2024-07-20','عهده جمال فكرى',7000.00,'مصاريف يومية','2024-07-20 15:28:15','2024-07-20 15:28:15'),(40,'2024-07-20','سعيد بعتهم لعموله المكتب',8000.00,'طوارئ','2024-07-20 15:56:41','2024-07-20 15:56:41'),(41,'2024-07-21','بيبو اسيوط',1000.00,'نثريات','2024-07-20 23:41:50','2024-07-20 23:41:50'),(42,'2024-07-21','خالد ابو الروس بيبو فوزى سلفه للعربيه',9000.00,'مصاريف يومية','2024-07-20 23:44:19','2024-07-20 23:44:19'),(43,'2024-07-21','رامى سلفه',2000.00,'أخرى','2024-07-21 10:00:52','2024-07-21 10:00:52'),(44,'2024-07-24','واى فاى',300.00,'نثريات','2024-07-24 09:44:24','2024-07-24 09:44:24'),(45,'2024-07-24','100 سكر وشاى',100.00,'نثريات','2024-07-24 13:25:34','2024-07-24 13:25:34'),(46,'2024-07-25','موصلات محمود ويحيى لمدثر',500.00,'نثريات','2024-07-25 07:36:00','2024-07-25 07:36:00'),(47,'2024-07-25','مصاريف يحيى ومحمود للمريوطيه',520.00,'نثريات','2024-07-25 15:48:58','2024-07-25 15:48:58'),(48,'2024-07-24','تفويل موتوا',100.00,'مصاريف يومية','2024-07-26 16:04:36','2024-07-26 16:04:36'),(49,'2024-07-27','كيس سكر',70.00,'نثريات','2024-07-27 11:24:15','2024-07-27 11:24:15'),(50,'2024-07-28','تغير زيت للموتوسكيل',200.00,'نثريات','2024-07-28 12:58:13','2024-07-28 12:58:13'),(51,'2024-08-01','تفويل',100.00,'نثريات','2024-08-04 16:02:01','2024-08-04 16:02:01'),(52,'2024-08-04','تفويل',100.00,'نثريات','2024-08-04 16:02:20','2024-08-04 16:02:20'),(53,'2024-08-04','قوالب تلج الشهر كامل',450.00,'نثريات','2024-08-04 16:02:55','2024-08-04 16:02:55'),(54,'2024-08-01','سكر وشاى',85.00,'نثريات','2024-08-04 16:03:22','2024-08-04 16:03:22'),(55,'2024-08-04','غاز',30.00,'نثريات','2024-08-04 16:24:30','2024-08-04 16:24:30'),(56,'2024-08-06','قسط فلتر لمحمد سعد',350.00,'نثريات','2024-08-06 18:21:09','2024-08-06 18:21:09'),(57,'2024-08-06','موصلات يحيى',300.00,'نثريات','2024-08-06 18:36:02','2024-08-06 18:36:02'),(58,'2024-08-06','بيبو فوزى كان فيه غلط ف مرتبه',1000.00,'نثريات','2024-08-06 18:50:34','2024-08-06 18:50:34'),(59,'2024-08-07','تفويل موتسيكل',125.00,'نثريات','2024-08-07 20:03:41','2024-08-07 20:03:41'),(60,'2024-08-07','سكر وشاى',75.00,'نثريات','2024-08-07 20:04:15','2024-08-07 20:04:15'),(61,'2024-08-09','سكر وشاى',75.00,'نثريات','2024-08-08 21:37:48','2024-08-08 21:37:48'),(62,'2024-08-09','واى فاى',300.00,'نثريات','2024-08-09 14:52:32','2024-08-09 14:52:32'),(63,'2024-08-09','واى فاى',300.00,'نثريات','2024-08-09 14:52:32','2024-08-09 14:52:32'),(64,'2024-08-09','إيجار',1600.00,'نثريات','2024-08-09 18:08:19','2024-08-09 18:08:19'),(65,'2024-08-09','باقى ايجار',200.00,'نثريات','2024-08-09 19:01:23','2024-08-09 19:01:23'),(66,'2024-08-13','قسط الموتسيكل',7600.00,'نثريات','2024-08-13 09:09:08','2024-08-13 09:09:08'),(67,'2024-08-14','يحيى مصاريف موصلات السادات',1000.00,'نثريات','2024-08-13 22:34:06','2024-08-13 22:34:06'),(68,'2024-08-14','تغير زيت وتفويل',350.00,'نثريات','2024-08-14 15:03:45','2024-08-14 15:03:45'),(69,'2024-08-14','شاى وسكر',75.00,'نثريات','2024-08-14 15:04:03','2024-08-14 15:04:03'),(70,'2024-08-15','موصلات مدثر',500.00,'نثريات','2024-08-15 13:25:16','2024-08-15 13:25:16'),(71,'2024-08-15','موصلات الصفوة بيبو',300.00,'نثريات','2024-08-15 18:46:13','2024-08-15 18:46:13'),(72,'2024-08-17','عامل تحميل والزيت والمكرونه',800.00,'مصاريف يومية','2024-08-17 11:02:45','2024-08-17 11:02:45'),(73,'2024-08-17','شاى وسكر وتلج وبريل',100.00,'نثريات','2024-08-17 12:55:44','2024-08-17 12:55:44'),(74,'2024-08-17','تفويل',100.00,'نثريات','2024-08-17 12:56:03','2024-08-17 12:56:03'),(75,'2024-08-17','كومنثينجى الوش الفردانى',1000.00,'نثريات','2024-08-17 17:12:21','2024-08-17 17:12:21'),(76,'2024-08-18','قلب حنفيه',50.00,'نثريات','2024-08-18 17:40:44','2024-08-18 17:40:44'),(77,'2024-08-19','كريم ضرائب',2000.00,'نثريات','2024-08-19 20:05:08','2024-08-19 20:05:08'),(78,'2024-08-19','سكر وشاى',220.00,'نثريات','2024-08-19 20:15:09','2024-08-19 20:15:09'),(79,'2024-08-21','مصاريف بيبو العربيه ال انقلبت مكرونه والزيت',6000.00,'نثريات','2024-08-22 16:33:05','2024-08-22 16:33:05'),(80,'2024-08-22','باقى العربيه العربيه ال اتقلبت',5500.00,'نثريات','2024-08-24 13:18:56','2024-08-24 13:18:56'),(81,'2024-08-26','بيبو موصلات مدثر',500.00,'نثريات','2024-08-26 12:14:41','2024-08-26 12:14:41'),(82,'2024-08-27','تفويل',100.00,'نثريات','2024-08-27 12:59:29','2024-08-27 12:59:29'),(83,'2024-08-28','مصاريف يحيى الصفوه',300.00,'نثريات','2024-08-28 18:52:10','2024-08-28 18:52:10'),(84,'2024-09-02','كريم ضرايب',3000.00,'نثريات','2024-09-02 12:19:22','2024-09-02 12:19:22'),(85,'2024-09-02','توكيل هانى',200.00,'نثريات','2024-09-02 12:20:35','2024-09-02 12:20:35'),(86,'2024-09-02','مصاريف يحى السادات',1000.00,'نثريات','2024-09-02 16:50:02','2024-09-02 16:50:02'),(87,'2024-09-02','باقى فلوس الاكراميات',3500.00,'نثريات','2024-09-02 18:22:46','2024-09-02 18:22:46'),(88,'2024-09-03','مصاريف بيبو ف أسيوط',2100.00,'نثريات','2024-09-03 16:09:58','2024-09-03 16:09:58'),(89,'2024-09-04','ابو منه',800.00,'نثريات','2024-09-04 11:18:22','2024-09-04 11:18:22'),(90,'2024-09-09','موصلات مدثر',500.00,'نثريات','2024-09-09 14:53:26','2024-09-09 14:53:26'),(91,'2024-09-09','موصلات بيبو اسيوط',1000.00,'نثريات','2024-09-09 14:54:24','2024-09-09 14:54:24');
/*!40000 ALTER TABLE `daily_expenses` ENABLE KEYS */;
UNLOCK TABLES;

--
-- Table structure for table `employees`
--

DROP TABLE IF EXISTS `employees`;
/*!40101 SET @saved_cs_client     = @@character_set_client */;
/*!50503 SET character_set_client = utf8mb4 */;
CREATE TABLE `employees` (
  `id` bigint unsigned NOT NULL AUTO_INCREMENT,
  `name` varchar(255) COLLATE utf8mb4_unicode_ci NOT NULL,
  `phone` varchar(255) COLLATE utf8mb4_unicode_ci DEFAULT NULL,
  `type` enum('driver','loader','accountant') COLLATE utf8mb4_unicode_ci NOT NULL,
  `salary` decimal(10,2) NOT NULL,
  `created_at` timestamp NULL DEFAULT NULL,
  `updated_at` timestamp NULL DEFAULT NULL,
  `salary_paid_for_current_month` tinyint(1) NOT NULL DEFAULT '0',
  PRIMARY KEY (`id`)
) ENGINE=InnoDB AUTO_INCREMENT=28 DEFAULT CHARSET=utf8mb4 COLLATE=utf8mb4_unicode_ci;
/*!40101 SET character_set_client = @saved_cs_client */;

--
-- Dumping data for table `employees`
--

LOCK TABLES `employees` WRITE;
/*!40000 ALTER TABLE `employees` DISABLE KEYS */;
INSERT INTO `employees` VALUES (1,'ياره محمد فوزي محمد','01143351686','accountant',5000.00,'2024-07-16 08:33:12','2024-07-16 08:33:12',0),(3,'نصيب','01143351686','driver',10.00,'2024-07-16 08:51:27','2024-07-16 10:21:58',0),(4,'يحيى محمد سعد','01024257017','loader',5000.00,'2024-07-16 09:14:14','2024-07-18 09:08:25',0),(5,'سيد','01273820327','driver',0.00,'2024-07-16 09:35:36','2024-08-18 01:40:00',0),(6,'حسن بريزه','01006792068','driver',10.00,'2024-07-16 10:10:17','2024-07-16 10:22:26',0),(7,'محمود مهدى محمد','01070704232','loader',4000.00,'2024-07-16 10:14:12','2024-07-16 10:14:12',0),(8,'احمد محمد فوزى','01008409224','loader',4000.00,'2024-07-16 10:17:41','2024-07-16 10:17:41',0),(9,'عبد الرحمن علاء حسين','01070704237','loader',3000.00,'2024-07-16 10:20:55','2024-07-16 10:20:55',0),(10,'عمرو فوزى محمد','01005483560','driver',10.00,'2024-07-16 10:58:54','2024-07-16 10:58:54',0),(11,'حج حماده براد','01063893334','driver',10.00,'2024-07-16 11:02:00','2024-07-16 11:02:00',0),(12,'عاطف ابو فراخ','01050898356','driver',10.00,'2024-07-16 11:13:04','2024-07-16 11:13:04',0),(13,'جمال فكرى','01282373555','driver',10.00,'2024-07-16 11:13:45','2024-07-16 11:13:45',0),(14,'حسن رزق','01093572537','driver',10.00,'2024-07-16 13:41:34','2024-07-16 13:41:34',0),(15,'احمد محمد سعد','01008402271','accountant',4500.00,'2024-07-16 14:06:32','2024-07-16 14:06:32',0),(17,'احمد ابراهيم عكاشه','01143351686','driver',0.00,'2024-07-18 10:23:59','2024-07-18 10:23:59',0),(18,'عربى','01143351686','driver',0.00,'2024-07-18 10:47:55','2024-07-18 10:47:55',0),(19,'محمد فردانى','01143351686','driver',0.00,'2024-07-18 10:48:30','2024-07-18 10:48:30',0),(20,'سعد القوصيه','01143351686','driver',0.00,'2024-07-18 10:49:03','2024-07-18 10:49:03',0),(21,'محمد عبدو','01030685054','driver',0.00,'2024-07-18 10:50:02','2024-07-18 10:50:02',0),(22,'كامل اخو عماد','01030685054','driver',0.00,'2024-07-18 10:50:28','2024-07-18 10:50:28',0),(24,'بدر شعبان','01273488977','driver',0.00,'2024-07-18 12:36:38','2024-07-18 12:36:38',0),(25,'احمد لول','01019494632','driver',0.00,'2024-07-18 17:39:03','2024-07-18 17:39:03',0),(26,'خالد ابو الروس','01019494632','driver',0.00,'2024-07-20 23:47:07','2024-07-20 23:47:07',0),(27,'محمد نافع','01019494632','driver',0.00,'2024-08-11 18:20:24','2024-08-11 18:20:24',0);
/*!40000 ALTER TABLE `employees` ENABLE KEYS */;
UNLOCK TABLES;

--
-- Table structure for table `failed_jobs`
--

DROP TABLE IF EXISTS `failed_jobs`;
/*!40101 SET @saved_cs_client     = @@character_set_client */;
/*!50503 SET character_set_client = utf8mb4 */;
CREATE TABLE `failed_jobs` (
  `id` bigint unsigned NOT NULL AUTO_INCREMENT,
  `uuid` varchar(255) COLLATE utf8mb4_unicode_ci NOT NULL,
  `connection` text COLLATE utf8mb4_unicode_ci NOT NULL,
  `queue` text COLLATE utf8mb4_unicode_ci NOT NULL,
  `payload` longtext COLLATE utf8mb4_unicode_ci NOT NULL,
  `exception` longtext COLLATE utf8mb4_unicode_ci NOT NULL,
  `failed_at` timestamp NOT NULL DEFAULT CURRENT_TIMESTAMP,
  PRIMARY KEY (`id`),
  UNIQUE KEY `failed_jobs_uuid_unique` (`uuid`)
) ENGINE=InnoDB DEFAULT CHARSET=utf8mb4 COLLATE=utf8mb4_unicode_ci;
/*!40101 SET character_set_client = @saved_cs_client */;

--
-- Dumping data for table `failed_jobs`
--

LOCK TABLES `failed_jobs` WRITE;
/*!40000 ALTER TABLE `failed_jobs` DISABLE KEYS */;
/*!40000 ALTER TABLE `failed_jobs` ENABLE KEYS */;
UNLOCK TABLES;

--
-- Table structure for table `individual_transactions`
--

DROP TABLE IF EXISTS `individual_transactions`;
/*!40101 SET @saved_cs_client     = @@character_set_client */;
/*!50503 SET character_set_client = utf8mb4 */;
CREATE TABLE `individual_transactions` (
  `id` bigint unsigned NOT NULL AUTO_INCREMENT,
  `client_id` bigint unsigned NOT NULL,
  `date` date NOT NULL,
  `detention_date` date DEFAULT NULL,
  `location_from` varchar(255) COLLATE utf8mb4_unicode_ci NOT NULL,
  `location_to` varchar(255) COLLATE utf8mb4_unicode_ci NOT NULL,
  `total_amount` decimal(10,2) DEFAULT '0.00',
  `truck_fare` decimal(10,2) DEFAULT '0.00',
  `company_commission` decimal(10,2) DEFAULT '0.00',
  `vehicle_allowance` decimal(10,2) DEFAULT '0.00',
  `tips` decimal(10,2) DEFAULT '0.00',
  `fare` decimal(10,2) NOT NULL,
  `remaining_truck_fare` decimal(10,2) DEFAULT '0.00',
  `final_truck_fare` decimal(10,2) NOT NULL,
  `commission` decimal(10,2) DEFAULT '0.00',
  `agreed_days_with_client` int DEFAULT NULL,
  `agreed_days_with_vehicle` int DEFAULT NULL,
  `overnight_price_with_client` decimal(10,2) DEFAULT '0.00',
  `overnight_price_with_vehicle` decimal(10,2) DEFAULT '0.00',
  `overnight_days` int DEFAULT NULL,
  `net_overnight` decimal(8,2) DEFAULT NULL,
  `remaining_fare` decimal(10,2) DEFAULT '0.00',
  `detention` decimal(8,2) DEFAULT NULL,
  `loading` decimal(8,2) DEFAULT '0.00',
  `transfer` decimal(8,2) DEFAULT '0.00',
  `total_received` decimal(8,2) DEFAULT '0.00',
  `total_spent` decimal(8,2) DEFAULT '0.00',
  `weight` decimal(8,2) DEFAULT '0.00',
  `created_at` timestamp NULL DEFAULT NULL,
  `updated_at` timestamp NULL DEFAULT NULL,
  `driver_id` bigint unsigned DEFAULT NULL,
  `vehicle_id` bigint unsigned DEFAULT NULL,
  `is_overnight_days_active` tinyint(1) NOT NULL DEFAULT '1',
  `is_finished` tinyint(1) NOT NULL DEFAULT '0',
  `finished_at` date DEFAULT NULL,
  `cargo_type` varchar(255) COLLATE utf8mb4_unicode_ci DEFAULT NULL,
  `loader_id` bigint unsigned DEFAULT NULL,
  PRIMARY KEY (`id`),
  KEY `individual_transactions_client_id_foreign` (`client_id`),
  KEY `individual_transactions_driver_id_foreign` (`driver_id`),
  KEY `individual_transactions_vehicle_id_foreign` (`vehicle_id`),
  KEY `individual_transactions_loader_id_foreign` (`loader_id`),
  CONSTRAINT `individual_transactions_client_id_foreign` FOREIGN KEY (`client_id`) REFERENCES `clients` (`id`) ON DELETE CASCADE,
  CONSTRAINT `individual_transactions_driver_id_foreign` FOREIGN KEY (`driver_id`) REFERENCES `employees` (`id`) ON DELETE SET NULL,
  CONSTRAINT `individual_transactions_loader_id_foreign` FOREIGN KEY (`loader_id`) REFERENCES `employees` (`id`) ON DELETE SET NULL,
  CONSTRAINT `individual_transactions_vehicle_id_foreign` FOREIGN KEY (`vehicle_id`) REFERENCES `vehicles` (`id`) ON DELETE SET NULL
) ENGINE=InnoDB AUTO_INCREMENT=24 DEFAULT CHARSET=utf8mb4 COLLATE=utf8mb4_unicode_ci;
/*!40101 SET character_set_client = @saved_cs_client */;

--
-- Dumping data for table `individual_transactions`
--

LOCK TABLES `individual_transactions` WRITE;
/*!40000 ALTER TABLE `individual_transactions` DISABLE KEYS */;
INSERT INTO `individual_transactions` VALUES (2,4,'2024-06-27',NULL,'بنى يوسف','شندى',0.00,160000.00,0.00,30500.00,2000.00,170000.00,158000.00,127500.00,10000.00,13,15,1300.00,1000.00,6,NULL,0.00,NULL,NULL,0.00,170000.00,0.00,NULL,'2024-07-16 09:02:01','2024-07-16 09:50:30',3,NULL,1,0,NULL,NULL,NULL),(6,14,'2024-06-27',NULL,'السادات','ارقين',0.00,110000.00,0.00,NULL,NULL,120000.00,110000.00,110000.00,10000.00,13,15,1300.00,1000.00,0,NULL,0.00,NULL,3000.00,0.00,306000.00,0.00,NULL,'2024-07-18 09:06:49','2024-07-25 19:13:11',5,4,1,0,NULL,NULL,4),(8,13,'2024-06-27',NULL,'السادات','معبر حلفا',0.00,205000.00,0.00,NULL,4500.00,245000.00,200500.00,200500.00,40000.00,10,15,1300.00,1000.00,0,NULL,0.00,NULL,3000.00,0.00,826000.00,0.00,NULL,'2024-07-18 11:41:49','2024-07-27 13:42:19',17,3,1,0,NULL,NULL,7),(9,12,'2024-06-29','2024-07-08','بنى يوسف','معبر حلفا',0.00,40000.00,0.00,NULL,NULL,40000.00,40000.00,40000.00,0.00,10,8,1300.00,1000.00,0,NULL,0.00,NULL,NULL,0.00,150000.00,0.00,NULL,'2024-07-18 11:51:45','2024-07-18 11:51:45',18,NULL,1,0,NULL,'1000 كرتونه مكرونه',4),(10,11,'2024-06-30','2024-06-30','العاشر','بنى يوسف',0.00,1500.00,0.00,NULL,NULL,1500.00,1500.00,1500.00,0.00,0,0,0.00,0.00,0,NULL,0.00,NULL,NULL,0.00,1500.00,0.00,NULL,'2024-07-18 11:54:24','2024-07-18 11:54:24',10,NULL,1,0,NULL,'مكرونه',7),(11,10,'2024-07-02',NULL,'السادات','عطبره',0.00,144000.00,0.00,NULL,NULL,160000.00,144000.00,144000.00,16000.00,10,15,1300.00,1000.00,0,NULL,0.00,NULL,NULL,0.00,160000.00,0.00,NULL,'2024-07-18 11:59:12','2024-07-18 11:59:12',5,NULL,1,0,NULL,'جرادل',4),(12,9,'2024-07-09',NULL,'الخطاطبه','حدربا',0.00,37000.00,0.00,NULL,1500.00,45000.00,35500.00,35500.00,8000.00,8,10,1300.00,1000.00,0,NULL,0.00,NULL,NULL,0.00,45000.00,0.00,NULL,'2024-07-18 12:04:26','2024-07-18 12:09:54',19,3,1,0,NULL,NULL,4),(13,15,'2024-07-05','2024-07-05','المنيا','بلبيس',0.00,7500.00,0.00,NULL,NULL,8000.00,7500.00,7500.00,500.00,0,0,0.00,0.00,0,NULL,0.00,NULL,NULL,0.00,8000.00,0.00,NULL,'2024-07-18 12:16:33','2024-07-18 12:16:33',10,NULL,1,0,NULL,'ورق',9),(14,15,'2024-07-07',NULL,'القليوبيه','عطبره',0.00,163000.00,0.00,NULL,1000.00,169000.00,162000.00,162000.00,6000.00,0,15,0.00,1200.00,0,NULL,0.00,NULL,NULL,0.00,169000.00,0.00,NULL,'2024-07-18 12:20:11','2024-07-18 12:20:11',20,5,1,0,NULL,'50 طن حديد علب',4),(15,15,'2024-07-13','2024-07-13','المنيا','الجيزه',0.00,7500.00,0.00,NULL,NULL,8000.00,7500.00,7500.00,500.00,0,0,0.00,0.00,0,NULL,0.00,NULL,NULL,0.00,8000.00,0.00,NULL,'2024-07-18 12:21:59','2024-07-18 12:21:59',13,NULL,1,0,NULL,'ورق',8),(16,7,'2024-07-14','2024-07-23','اسيوط','حدربا',0.00,76000.00,0.00,NULL,2000.00,103000.00,74000.00,74000.00,27000.00,10,15,1300.00,1000.00,0,NULL,0.00,NULL,NULL,0.00,106900.00,0.00,NULL,'2024-07-18 12:57:45','2024-07-25 19:24:19',17,3,1,0,NULL,'جرار دقيق',8),(17,4,'2024-07-25',NULL,'٠','٠',0.00,0.00,0.00,0.00,0.00,0.00,0.00,0.00,0.00,0,0,0.00,0.00,0,NULL,0.00,0.00,0.00,0.00,640000.00,0.00,0.00,'2024-07-25 19:09:33','2024-08-13 22:31:26',20,3,1,0,NULL,NULL,9),(18,28,'2024-07-25',NULL,'السادات','حدربا',0.00,175000.00,0.00,0.00,0.00,180000.00,175000.00,175000.00,5000.00,12,15,1300.00,1000.00,0,NULL,0.00,NULL,NULL,0.00,180000.00,0.00,NULL,'2024-07-26 19:15:11','2024-07-26 19:16:47',26,3,1,0,NULL,'دقيق',9),(19,7,'2024-08-01',NULL,'المنوفيه','كسلا',0.00,110000.00,0.00,30000.00,3000.00,110000.00,107000.00,77000.00,0.00,8,10,1200.00,1000.00,0,NULL,0.00,NULL,NULL,0.00,110000.00,0.00,NULL,'2024-08-02 13:01:55','2024-08-02 13:01:55',18,NULL,1,0,NULL,'طحنيه',NULL),(20,15,'2024-08-06',NULL,'السادات','شندى',0.00,196000.00,0.00,NULL,1000.00,200000.00,195000.00,195000.00,4000.00,15,15,1200.00,1200.00,0,NULL,0.00,NULL,NULL,0.00,200000.00,0.00,NULL,'2024-08-11 12:22:53','2024-08-13 22:32:32',20,3,1,0,NULL,'٥٠ طن دقيق',4),(21,4,'2024-08-11',NULL,'بنى يوسف','حلفا',0.00,46000.00,0.00,45000.00,1000.00,65000.00,45000.00,0.00,19000.00,10,15,1200.00,1000.00,0,NULL,0.00,0.00,0.00,0.00,400000.00,0.00,0.00,'2024-08-12 16:53:47','2024-08-13 22:29:28',3,3,1,0,NULL,'1000كرتونه مكرونه',7),(22,15,'2024-08-14',NULL,'السادات','عطبره',0.00,145000.00,0.00,0.00,2500.00,155000.00,142500.00,142500.00,10000.00,12,15,1300.00,1000.00,0,NULL,0.00,0.00,0.00,0.00,155000.00,0.00,0.00,'2024-08-14 02:44:16','2024-08-14 15:46:03',3,3,1,0,NULL,NULL,NULL),(23,4,'2024-08-15',NULL,'العاشر','حلفا',0.00,50000.00,0.00,48500.00,1500.00,65000.00,48500.00,0.00,15000.00,15,12,1200.00,1000.00,0,NULL,0.00,0.00,0.00,0.00,280000.00,0.00,0.00,'2024-08-15 16:37:36','2024-08-17 09:58:02',3,3,1,0,NULL,'زيت ومكرونه عربيه محمود الصغير',NULL);
/*!40000 ALTER TABLE `individual_transactions` ENABLE KEYS */;
UNLOCK TABLES;

--
-- Table structure for table `loans`
--

DROP TABLE IF EXISTS `loans`;
/*!40101 SET @saved_cs_client     = @@character_set_client */;
/*!50503 SET character_set_client = utf8mb4 */;
CREATE TABLE `loans` (
  `id` bigint unsigned NOT NULL AUTO_INCREMENT,
  `employee_id` bigint unsigned NOT NULL,
  `amount` decimal(10,2) NOT NULL,
  `loan_date` date NOT NULL,
  `comment` text COLLATE utf8mb4_unicode_ci,
  `created_at` timestamp NULL DEFAULT NULL,
  `updated_at` timestamp NULL DEFAULT NULL,
  PRIMARY KEY (`id`),
  KEY `loans_employee_id_foreign` (`employee_id`),
  CONSTRAINT `loans_employee_id_foreign` FOREIGN KEY (`employee_id`) REFERENCES `employees` (`id`)
) ENGINE=InnoDB AUTO_INCREMENT=70 DEFAULT CHARSET=utf8mb4 COLLATE=utf8mb4_unicode_ci;
/*!40101 SET character_set_client = @saved_cs_client */;

--
-- Dumping data for table `loans`
--

LOCK TABLES `loans` WRITE;
/*!40000 ALTER TABLE `loans` DISABLE KEYS */;
INSERT INTO `loans` VALUES (4,4,1000.00,'2024-06-27',NULL,'2024-07-16 09:16:00','2024-07-16 09:16:00'),(5,4,500.00,'2024-06-30',NULL,'2024-07-16 09:16:35','2024-07-16 09:16:35'),(6,4,300.00,'2024-07-05',NULL,'2024-07-16 09:17:29','2024-07-16 09:17:29'),(7,4,200.00,'2024-07-06',NULL,'2024-07-16 09:17:52','2024-07-16 09:17:52'),(9,4,100.00,'2024-07-08',NULL,'2024-07-16 09:18:43','2024-07-16 09:18:43'),(10,4,100.00,'2024-07-07',NULL,'2024-07-16 09:19:00','2024-07-16 09:19:00'),(11,4,50.00,'2024-07-06',NULL,'2024-07-16 09:19:48','2024-07-16 09:19:48'),(12,4,1500.00,'2024-07-13',NULL,'2024-07-16 09:20:13','2024-07-16 09:20:13'),(13,4,100.00,'2024-07-05',NULL,'2024-07-16 09:20:41','2024-07-16 09:20:41'),(14,4,500.00,'2024-07-16',NULL,'2024-07-16 09:21:55','2024-07-16 09:21:55'),(16,7,1500.00,'2024-07-01',NULL,'2024-07-16 10:15:00','2024-07-16 13:51:00'),(17,7,500.00,'2024-07-13',NULL,'2024-07-16 10:15:39','2024-07-16 10:15:39'),(18,7,500.00,'2024-07-16',NULL,'2024-07-16 10:15:59','2024-07-16 10:15:59'),(19,8,500.00,'2024-07-06',NULL,'2024-07-16 10:18:19','2024-07-16 10:18:19'),(20,8,700.00,'2024-07-11',NULL,'2024-07-16 10:18:41','2024-07-16 10:18:41'),(21,15,300.00,'2024-07-16',NULL,'2024-07-16 14:06:59','2024-07-16 14:06:59'),(22,15,500.00,'2024-07-01',NULL,'2024-07-16 14:08:22','2024-07-16 14:08:22'),(23,15,100.00,'2024-07-08',NULL,'2024-07-16 14:08:52','2024-07-16 14:08:52'),(24,15,400.00,'2024-07-09',NULL,'2024-07-16 14:09:22','2024-07-16 14:09:22'),(25,15,100.00,'2024-07-13',NULL,'2024-07-16 14:09:50','2024-07-16 14:09:50'),(26,15,200.00,'2024-07-11',NULL,'2024-07-16 14:10:23','2024-07-16 14:10:23'),(27,15,100.00,'2024-07-13',NULL,'2024-07-16 14:10:51','2024-07-16 14:10:51'),(28,15,100.00,'2024-07-14',NULL,'2024-07-16 14:11:25','2024-07-16 14:11:25'),(29,9,800.00,'2024-07-16',NULL,'2024-07-17 19:16:00','2024-07-17 19:16:00'),(30,15,500.00,'2024-07-18',NULL,'2024-07-18 14:32:22','2024-07-18 14:32:22'),(31,9,1500.00,'2024-07-18',NULL,'2024-07-18 14:35:00','2024-07-18 14:35:00'),(32,4,650.00,'2024-07-18',NULL,'2024-07-18 14:38:14','2024-07-18 14:38:14'),(33,7,500.00,'2024-07-18',NULL,'2024-07-18 14:39:54','2024-07-18 14:39:54'),(34,15,200.00,'2024-07-18',NULL,'2024-07-18 14:41:33','2024-07-18 14:41:33'),(35,4,100.00,'2024-07-19','مصاريف ابو منه','2024-07-19 19:28:25','2024-07-19 19:28:25'),(36,8,1800.00,'2024-07-18',NULL,'2024-07-20 16:44:51','2024-07-20 16:44:51'),(37,4,1000.00,'2024-07-21',NULL,'2024-07-20 23:46:03','2024-07-20 23:46:03'),(38,7,1000.00,'2024-07-22',NULL,'2024-07-22 09:02:31','2024-07-22 09:02:31'),(39,15,500.00,'2024-07-24',NULL,'2024-07-24 19:53:34','2024-07-24 19:53:34'),(40,7,1000.00,'2024-07-26',NULL,'2024-07-26 11:01:01','2024-07-26 11:01:01'),(41,8,500.00,'2024-07-26',NULL,'2024-07-26 11:01:25','2024-07-26 11:01:25'),(42,4,1000.00,'2024-07-26',NULL,'2024-07-26 16:04:02','2024-07-26 16:04:02'),(43,7,2000.00,'2024-08-03',NULL,'2024-08-03 11:21:48','2024-08-03 11:21:48'),(44,15,2000.00,'2024-08-06',NULL,'2024-08-06 18:21:31','2024-08-06 18:21:31'),(46,4,1500.00,'2024-08-06',NULL,'2024-08-11 15:12:55','2024-08-11 15:13:09'),(47,15,500.00,'2024-08-11',NULL,'2024-08-11 15:13:27','2024-08-11 15:13:27'),(48,15,1000.00,'2024-08-12','خصم من المرتب عهده سيد ابو العنين','2024-08-12 01:02:00','2024-08-12 01:02:00'),(49,9,800.00,'2024-08-14','من مصاريف الاكل الخاصه بيه','2024-08-14 15:03:19','2024-08-14 15:03:19'),(50,7,500.00,'2024-08-15',NULL,'2024-08-15 12:46:54','2024-08-15 12:46:54'),(52,4,2000.00,'2024-08-18',NULL,'2024-08-18 10:34:30','2024-08-18 10:34:30'),(53,15,900.00,'2024-08-18','خصم','2024-08-18 13:34:19','2024-08-18 13:34:19'),(54,4,1000.00,'2024-08-23',NULL,'2024-08-23 18:25:42','2024-08-23 18:25:42'),(55,7,500.00,'2024-08-23',NULL,'2024-08-23 18:25:53','2024-08-23 18:25:53'),(56,8,500.00,'2024-08-27',NULL,'2024-08-27 12:59:44','2024-08-27 12:59:44'),(57,7,200.00,'2024-08-27',NULL,'2024-08-27 12:59:55','2024-08-27 12:59:55'),(58,8,1500.00,'2024-08-28',NULL,'2024-08-28 18:54:49','2024-08-28 18:54:49'),(59,7,3000.00,'2024-08-29',NULL,'2024-08-29 14:17:31','2024-08-29 14:17:31'),(60,4,200.00,'2024-08-31',NULL,'2024-08-31 11:32:38','2024-08-31 11:32:38'),(61,8,2500.00,'2024-08-31',NULL,'2024-08-31 11:37:49','2024-08-31 11:37:49'),(62,8,500.00,'2024-08-31',NULL,'2024-08-31 11:38:00','2024-08-31 11:38:00'),(65,9,600.00,'2024-09-02','عبدو اكل','2024-09-02 17:44:17','2024-09-02 17:44:17'),(67,9,300.00,'2024-09-02','وبقى من الشهر ال فات','2024-09-02 18:25:12','2024-09-02 18:25:12'),(68,4,12000.00,'2024-09-04','الأكاديمي','2024-09-04 11:18:01','2024-09-04 11:18:01'),(69,9,1000.00,'2024-09-04',NULL,'2024-09-04 17:28:42','2024-09-04 17:28:42');
/*!40000 ALTER TABLE `loans` ENABLE KEYS */;
UNLOCK TABLES;

--
-- Table structure for table `migrations`
--

DROP TABLE IF EXISTS `migrations`;
/*!40101 SET @saved_cs_client     = @@character_set_client */;
/*!50503 SET character_set_client = utf8mb4 */;
CREATE TABLE `migrations` (
  `id` int unsigned NOT NULL AUTO_INCREMENT,
  `migration` varchar(255) COLLATE utf8mb4_unicode_ci NOT NULL,
  `batch` int NOT NULL,
  PRIMARY KEY (`id`)
) ENGINE=InnoDB AUTO_INCREMENT=72 DEFAULT CHARSET=utf8mb4 COLLATE=utf8mb4_unicode_ci;
/*!40101 SET character_set_client = @saved_cs_client */;

--
-- Dumping data for table `migrations`
--

LOCK TABLES `migrations` WRITE;
/*!40000 ALTER TABLE `migrations` DISABLE KEYS */;
INSERT INTO `migrations` VALUES (43,'2014_10_12_000000_create_users_table',1),(44,'2014_10_12_100000_create_password_reset_tokens_table',1),(45,'2019_08_19_000000_create_failed_jobs_table',1),(46,'2019_12_14_000001_create_personal_access_tokens_table',1),(47,'2024_06_30_160305_create_employees_table',1),(48,'2024_06_30_160354_create_vehicles_table',1),(49,'2024_06_30_160413_create_clients_table',1),(50,'2024_06_30_160510_create_salaries_table',1),(51,'2024_06_30_160534_create_loans_table',1),(52,'2024_07_05_215850_create_individual_transactions_table',1),(53,'2024_07_05_220027_create_company_transactions_table',1),(54,'2024_07_07_184828_create_spends_table',1),(55,'2024_07_08_000347_add_driver_id_to_individual_transactions_table',1),(56,'2024_07_08_213702_add_vehicle_id_to_individual_transactions_table',1),(57,'2024_07_09_183256_add_salary_paid_for_current_month_to_employees_table',1),(58,'2024_07_10_072216_create_daily_expenses_table',1),(59,'2024_07_10_072237_create_client_revenues_table',1),(60,'2024_07_10_073256_create_transactions_table',1),(61,'2024_07_13_003801_add_total_spent_to_clients_table',1),(62,'2024_07_15_044011_add_is_overnight_days_active_to_individual_transactions_table',1),(63,'2024_07_15_061613_add_is_finished_to_individual_transactions_table',1),(64,'2024_07_17_131901_add_cargo_type_to_company_transactions_table',2),(65,'2024_07_17_131904_add_cargo_type_to_individual_transactions_table',2),(66,'2024_07_17_155918_add_loader_id_to_individual_transactions_table',3),(67,'2024_07_17_155945_add_loader_id_to_company_transactions_table',3),(68,'2024_07_18_021923_add_total_car_to_company_transactions_table',4),(69,'2024_07_18_023053_add_detention_date_to_individual_transactions_table',4),(70,'2024_07_18_110325_alter_company_transactions_table_add_total_car',5),(71,'2024_07_24_154457_add_vehicle_allowance_to_company_transactions',6);
/*!40000 ALTER TABLE `migrations` ENABLE KEYS */;
UNLOCK TABLES;

--
-- Table structure for table `password_reset_tokens`
--

DROP TABLE IF EXISTS `password_reset_tokens`;
/*!40101 SET @saved_cs_client     = @@character_set_client */;
/*!50503 SET character_set_client = utf8mb4 */;
CREATE TABLE `password_reset_tokens` (
  `email` varchar(255) COLLATE utf8mb4_unicode_ci NOT NULL,
  `token` varchar(255) COLLATE utf8mb4_unicode_ci NOT NULL,
  `created_at` timestamp NULL DEFAULT NULL,
  PRIMARY KEY (`email`)
) ENGINE=InnoDB DEFAULT CHARSET=utf8mb4 COLLATE=utf8mb4_unicode_ci;
/*!40101 SET character_set_client = @saved_cs_client */;

--
-- Dumping data for table `password_reset_tokens`
--

LOCK TABLES `password_reset_tokens` WRITE;
/*!40000 ALTER TABLE `password_reset_tokens` DISABLE KEYS */;
/*!40000 ALTER TABLE `password_reset_tokens` ENABLE KEYS */;
UNLOCK TABLES;

--
-- Table structure for table `personal_access_tokens`
--

DROP TABLE IF EXISTS `personal_access_tokens`;
/*!40101 SET @saved_cs_client     = @@character_set_client */;
/*!50503 SET character_set_client = utf8mb4 */;
CREATE TABLE `personal_access_tokens` (
  `id` bigint unsigned NOT NULL AUTO_INCREMENT,
  `tokenable_type` varchar(255) COLLATE utf8mb4_unicode_ci NOT NULL,
  `tokenable_id` bigint unsigned NOT NULL,
  `name` varchar(255) COLLATE utf8mb4_unicode_ci NOT NULL,
  `token` varchar(64) COLLATE utf8mb4_unicode_ci NOT NULL,
  `abilities` text COLLATE utf8mb4_unicode_ci,
  `last_used_at` timestamp NULL DEFAULT NULL,
  `expires_at` timestamp NULL DEFAULT NULL,
  `created_at` timestamp NULL DEFAULT NULL,
  `updated_at` timestamp NULL DEFAULT NULL,
  PRIMARY KEY (`id`),
  UNIQUE KEY `personal_access_tokens_token_unique` (`token`),
  KEY `personal_access_tokens_tokenable_type_tokenable_id_index` (`tokenable_type`,`tokenable_id`)
) ENGINE=InnoDB DEFAULT CHARSET=utf8mb4 COLLATE=utf8mb4_unicode_ci;
/*!40101 SET character_set_client = @saved_cs_client */;

--
-- Dumping data for table `personal_access_tokens`
--

LOCK TABLES `personal_access_tokens` WRITE;
/*!40000 ALTER TABLE `personal_access_tokens` DISABLE KEYS */;
/*!40000 ALTER TABLE `personal_access_tokens` ENABLE KEYS */;
UNLOCK TABLES;

--
-- Table structure for table `salaries`
--

DROP TABLE IF EXISTS `salaries`;
/*!40101 SET @saved_cs_client     = @@character_set_client */;
/*!50503 SET character_set_client = utf8mb4 */;
CREATE TABLE `salaries` (
  `id` bigint unsigned NOT NULL AUTO_INCREMENT,
  `employee_id` bigint unsigned NOT NULL,
  `amount` decimal(10,2) NOT NULL,
  `date` date NOT NULL,
  `created_at` timestamp NULL DEFAULT NULL,
  `updated_at` timestamp NULL DEFAULT NULL,
  PRIMARY KEY (`id`),
  KEY `salaries_employee_id_foreign` (`employee_id`),
  CONSTRAINT `salaries_employee_id_foreign` FOREIGN KEY (`employee_id`) REFERENCES `employees` (`id`)
) ENGINE=InnoDB DEFAULT CHARSET=utf8mb4 COLLATE=utf8mb4_unicode_ci;
/*!40101 SET character_set_client = @saved_cs_client */;

--
-- Dumping data for table `salaries`
--

LOCK TABLES `salaries` WRITE;
/*!40000 ALTER TABLE `salaries` DISABLE KEYS */;
/*!40000 ALTER TABLE `salaries` ENABLE KEYS */;
UNLOCK TABLES;

--
-- Table structure for table `spends`
--

DROP TABLE IF EXISTS `spends`;
/*!40101 SET @saved_cs_client     = @@character_set_client */;
/*!50503 SET character_set_client = utf8mb4 */;
CREATE TABLE `spends` (
  `id` bigint unsigned NOT NULL AUTO_INCREMENT,
  `transaction_id` bigint unsigned NOT NULL,
  `value` decimal(10,2) NOT NULL,
  `spend_details` text COLLATE utf8mb4_unicode_ci,
  `created_at` timestamp NULL DEFAULT NULL,
  `updated_at` timestamp NULL DEFAULT NULL,
  PRIMARY KEY (`id`),
  KEY `spends_transaction_id_foreign` (`transaction_id`),
  CONSTRAINT `spends_transaction_id_foreign` FOREIGN KEY (`transaction_id`) REFERENCES `individual_transactions` (`id`) ON DELETE CASCADE
) ENGINE=InnoDB AUTO_INCREMENT=109 DEFAULT CHARSET=utf8mb4 COLLATE=utf8mb4_unicode_ci;
/*!40101 SET character_set_client = @saved_cs_client */;

--
-- Dumping data for table `spends`
--

LOCK TABLES `spends` WRITE;
/*!40000 ALTER TABLE `spends` DISABLE KEYS */;
INSERT INTO `spends` VALUES (14,9,110000.00,'مقدم 1000 كرتونه مكرونه','2024-07-18 11:51:45','2024-07-18 11:51:45'),(19,12,790.00,'مصاريف خارجيه على النقله','2024-07-18 12:09:54','2024-07-18 12:09:54'),(20,12,1500.00,'سمسار','2024-07-18 12:09:54','2024-07-18 12:09:54'),(72,6,174000.00,'سعر البضاعه','2024-07-25 19:13:11','2024-07-25 19:13:11'),(73,6,9000.00,'مخلص جمركى','2024-07-25 19:13:11','2024-07-25 19:13:11'),(82,8,174000.00,'3000 كرتونه مياه','2024-07-27 13:42:19','2024-07-27 13:42:19'),(83,8,65000.00,'ثمن بضاعه شيبسى طنطا','2024-07-27 13:42:19','2024-07-27 13:42:19'),(84,8,44000.00,'حساب قديم لسعد السواق','2024-07-27 13:42:19','2024-07-27 13:42:19'),(85,8,9000.00,'جمارك','2024-07-27 13:42:19','2024-07-27 13:42:19'),(86,8,50000.00,'مقدم 1000 شكاره مكرونه','2024-07-27 13:42:19','2024-07-27 13:42:19'),(87,8,86000.00,'باق حساب شيبسى','2024-07-27 13:42:19','2024-07-27 13:42:19'),(88,8,150000.00,'باق ىمكرونه','2024-07-27 13:42:19','2024-07-27 13:42:19'),(103,21,400000.00,'ثمن بضاعه المكرونه','2024-08-13 22:29:28','2024-08-13 22:29:28'),(104,21,9000.00,'جمارك قديم','2024-08-13 22:29:28','2024-08-13 22:29:28'),(105,17,425000.00,'عربون بضاعه الزيت','2024-08-13 22:31:26','2024-08-13 22:31:26'),(106,17,205000.00,'باقى ثمن الزيت','2024-08-13 22:31:26','2024-08-13 22:31:26'),(108,23,74000.00,'باق حساب قديم','2024-08-17 09:58:02','2024-08-17 09:58:02');
/*!40000 ALTER TABLE `spends` ENABLE KEYS */;
UNLOCK TABLES;

--
-- Table structure for table `transactions`
--

DROP TABLE IF EXISTS `transactions`;
/*!40101 SET @saved_cs_client     = @@character_set_client */;
/*!50503 SET character_set_client = utf8mb4 */;
CREATE TABLE `transactions` (
  `id` bigint unsigned NOT NULL AUTO_INCREMENT,
  `client_id` bigint unsigned NOT NULL,
  `amount` decimal(10,2) NOT NULL,
  `type` varchar(255) COLLATE utf8mb4_unicode_ci NOT NULL,
  `created_at` timestamp NULL DEFAULT NULL,
  `updated_at` timestamp NULL DEFAULT NULL,
  PRIMARY KEY (`id`),
  KEY `transactions_client_id_foreign` (`client_id`),
  CONSTRAINT `transactions_client_id_foreign` FOREIGN KEY (`client_id`) REFERENCES `clients` (`id`) ON DELETE CASCADE
) ENGINE=InnoDB AUTO_INCREMENT=3 DEFAULT CHARSET=utf8mb4 COLLATE=utf8mb4_unicode_ci;
/*!40101 SET character_set_client = @saved_cs_client */;

--
-- Dumping data for table `transactions`
--

LOCK TABLES `transactions` WRITE;
/*!40000 ALTER TABLE `transactions` DISABLE KEYS */;
/*!40000 ALTER TABLE `transactions` ENABLE KEYS */;
UNLOCK TABLES;

--
-- Table structure for table `users`
--

DROP TABLE IF EXISTS `users`;
/*!40101 SET @saved_cs_client     = @@character_set_client */;
/*!50503 SET character_set_client = utf8mb4 */;
CREATE TABLE `users` (
  `id` bigint unsigned NOT NULL AUTO_INCREMENT,
  `name` varchar(255) COLLATE utf8mb4_unicode_ci NOT NULL,
  `email` varchar(255) COLLATE utf8mb4_unicode_ci NOT NULL,
  `email_verified_at` timestamp NULL DEFAULT NULL,
  `password` varchar(255) COLLATE utf8mb4_unicode_ci NOT NULL,
  `remember_token` varchar(100) COLLATE utf8mb4_unicode_ci DEFAULT NULL,
  `created_at` timestamp NULL DEFAULT NULL,
  `updated_at` timestamp NULL DEFAULT NULL,
  PRIMARY KEY (`id`),
  UNIQUE KEY `users_email_unique` (`email`)
) ENGINE=InnoDB AUTO_INCREMENT=3 DEFAULT CHARSET=utf8mb4 COLLATE=utf8mb4_unicode_ci;
/*!40101 SET character_set_client = @saved_cs_client */;

--
-- Dumping data for table `users`
--

LOCK TABLES `users` WRITE;
/*!40000 ALTER TABLE `users` DISABLE KEYS */;
INSERT INTO `users` VALUES (2,'ahy@transportation.com','ahy@transportation.com',NULL,'$2y$12$uadj8s8hVXI49jiz5R2IzuG/oShWD0GXzel9R4Y3i5nCIsQSA42ya','GLB7cLIY533QxXihwJ78XKpUBANReLnvYseWhagq8fYgtvX2ZVgWFDzRTu6e','2024-07-16 12:03:22','2024-07-16 12:03:22');
/*!40000 ALTER TABLE `users` ENABLE KEYS */;
UNLOCK TABLES;

--
-- Table structure for table `vehicles`
--

DROP TABLE IF EXISTS `vehicles`;
/*!40101 SET @saved_cs_client     = @@character_set_client */;
/*!50503 SET character_set_client = utf8mb4 */;
CREATE TABLE `vehicles` (
  `id` bigint unsigned NOT NULL AUTO_INCREMENT,
  `license_plate` varchar(255) COLLATE utf8mb4_unicode_ci NOT NULL,
  `details` varchar(255) COLLATE utf8mb4_unicode_ci DEFAULT NULL,
  `manufacturer` varchar(255) COLLATE utf8mb4_unicode_ci DEFAULT NULL,
  `year` int DEFAULT NULL,
  `created_at` timestamp NULL DEFAULT NULL,
  `updated_at` timestamp NULL DEFAULT NULL,
  PRIMARY KEY (`id`)
) ENGINE=InnoDB AUTO_INCREMENT=7 DEFAULT CHARSET=utf8mb4 COLLATE=utf8mb4_unicode_ci;
/*!40101 SET character_set_client = @saved_cs_client */;

--
-- Dumping data for table `vehicles`
--

LOCK TABLES `vehicles` WRITE;
/*!40000 ALTER TABLE `vehicles` DISABLE KEYS */;
INSERT INTO `vehicles` VALUES (3,'1896','الاسكانيا',NULL,NULL,'2024-07-16 11:14:22','2024-07-16 11:14:22'),(4,'3627','اكتروس القديمه',NULL,NULL,'2024-07-16 11:15:07','2024-07-16 11:15:07'),(5,'5621','اكتروس حمرا',NULL,NULL,'2024-07-16 11:15:33','2024-07-16 11:15:33'),(6,'6461','اكتروس البيضا الجديده',NULL,NULL,'2024-07-16 11:16:14','2024-07-16 11:16:14');
/*!40000 ALTER TABLE `vehicles` ENABLE KEYS */;
UNLOCK TABLES;
/*!40103 SET TIME_ZONE=@OLD_TIME_ZONE */;

/*!40101 SET SQL_MODE=@OLD_SQL_MODE */;
/*!40014 SET FOREIGN_KEY_CHECKS=@OLD_FOREIGN_KEY_CHECKS */;
/*!40014 SET UNIQUE_CHECKS=@OLD_UNIQUE_CHECKS */;
/*!40101 SET CHARACTER_SET_CLIENT=@OLD_CHARACTER_SET_CLIENT */;
/*!40101 SET CHARACTER_SET_RESULTS=@OLD_CHARACTER_SET_RESULTS */;
/*!40101 SET COLLATION_CONNECTION=@OLD_COLLATION_CONNECTION */;
/*!40111 SET SQL_NOTES=@OLD_SQL_NOTES */;

-- Dump completed on 2024-09-09 15:54:21
